occurrence_id,holiday_type,central_date,official_start,official_end,restriction
seollal-2020,seollal,2020-01-25,2020-01-24,2020-01-27,0
chuseok-2020,chuseok,2020-10-01,2020-09-30,2020-10-02,0
seollal-2021,seollal,2021-02-12,2021-02-11,2021-02-13,0
chuseok-2021,chuseok,2021-09-21,2021-09-20,2021-09-22,0
seollal-2022,seollal,2022-02-01,2022-01-31,2022-02-02,1
chuseok-2022,chuseok,2022-09-10,2022-09-09,2022-09-12,0
seollal-2023,seollal,2023-01-22,2023-01-21,2023-01-24,0
chuseok-2023,chuseok,2023-09-29,2023-09-28,2023-09-30,0
seollal-2024,seollal,2024-02-10,2024-02-09,2024-02-12,0
chuseok-2024,chuseok,2024-09-17,2024-09-16,2024-09-18,0
